INSERT INTO public.users (id, email, enabled, first_name, last_name, password, role, sex, parent_id) VALUES (1, 'admin@school.be', true, 'Pieter', 'Beheerder', 'b109f3bbbc244eb82441917ed06d618b9008dd09b3befd1b5e07394c706a8bb980b1d7785e5976ec049b46df5f1326af5a2ea6d103fd07c95385ffab0cacbc86', 'ADMIN', 'MALE', null);
INSERT INTO public.users (id, email, enabled, first_name, last_name, password, role, sex, parent_id) VALUES (2, 'steven.put@school.be', true, 'Steven', 'Put', 'b109f3bbbc244eb82441917ed06d618b9008dd09b3befd1b5e07394c706a8bb980b1d7785e5976ec049b46df5f1326af5a2ea6d103fd07c95385ffab0cacbc86', 'TEACHER', 'MALE', null);
INSERT INTO public.users (id, email, enabled, first_name, last_name, password, role, sex, parent_id) VALUES (3, 'dirk.stevens@school.be', true, 'Dirk', 'Stevens', 'b109f3bbbc244eb82441917ed06d618b9008dd09b3befd1b5e07394c706a8bb980b1d7785e5976ec049b46df5f1326af5a2ea6d103fd07c95385ffab0cacbc86', 'TEACHER', 'MALE', null);
INSERT INTO public.users (id, email, enabled, first_name, last_name, password, role, sex, parent_id) VALUES (4, 'marina.vissers@school.be', true, 'Marina', 'Vissers', 'b109f3bbbc244eb82441917ed06d618b9008dd09b3befd1b5e07394c706a8bb980b1d7785e5976ec049b46df5f1326af5a2ea6d103fd07c95385ffab0cacbc86', 'TEACHER', 'FEMALE', null);
INSERT INTO public.users (id, email, enabled, first_name, last_name, password, role, sex, parent_id) VALUES (5, 'jdedoncker@telenet.be', true, 'Jan', 'De Doncker', 'b109f3bbbc244eb82441917ed06d618b9008dd09b3befd1b5e07394c706a8bb980b1d7785e5976ec049b46df5f1326af5a2ea6d103fd07c95385ffab0cacbc86', 'PARENT', 'MALE', null);
INSERT INTO public.users (id, email, enabled, first_name, last_name, password, role, sex, parent_id) VALUES (6, 'warddd@hotmail.com', true, 'Ward', 'De Doncker', 'b109f3bbbc244eb82441917ed06d618b9008dd09b3befd1b5e07394c706a8bb980b1d7785e5976ec049b46df5f1326af5a2ea6d103fd07c95385ffab0cacbc86', 'STUDENT', 'MALE', 5);
INSERT INTO public.users (id, email, enabled, first_name, last_name, password, role, sex, parent_id) VALUES (7, 'katrien123@hotmail.com', true, 'Katrien', 'De Doncker', 'b109f3bbbc244eb82441917ed06d618b9008dd09b3befd1b5e07394c706a8bb980b1d7785e5976ec049b46df5f1326af5a2ea6d103fd07c95385ffab0cacbc86', 'STUDENT', 'FEMALE', 5);
INSERT INTO public.users (id, email, enabled, first_name, last_name, password, role, sex, parent_id) VALUES (8, 'mo.amali@skynet.be', true, 'Mo', 'Amali', 'b109f3bbbc244eb82441917ed06d618b9008dd09b3befd1b5e07394c706a8bb980b1d7785e5976ec049b46df5f1326af5a2ea6d103fd07c95385ffab0cacbc86', 'PARENT', 'MALE', null);
INSERT INTO public.users (id, email, enabled, first_name, last_name, password, role, sex, parent_id) VALUES (9, 'mahmoud-amali@yahoo.com', true, 'Mahmoud', 'Amali', 'b109f3bbbc244eb82441917ed06d618b9008dd09b3befd1b5e07394c706a8bb980b1d7785e5976ec049b46df5f1326af5a2ea6d103fd07c95385ffab0cacbc86', 'STUDENT', 'MALE', 8);
INSERT INTO public.users (id, email, enabled, first_name, last_name, password, role, sex, parent_id) VALUES (10, 'carlo.aerts@telenet.be', true, 'Carlo', 'Aerts', 'b109f3bbbc244eb82441917ed06d618b9008dd09b3befd1b5e07394c706a8bb980b1d7785e5976ec049b46df5f1326af5a2ea6d103fd07c95385ffab0cacbc86', 'PARENT', 'MALE', null);
INSERT INTO public.users (id, email, enabled, first_name, last_name, password, role, sex, parent_id) VALUES (11, 'niko_aerts@gmail.com', true, 'Niko', 'Aerts', 'b109f3bbbc244eb82441917ed06d618b9008dd09b3befd1b5e07394c706a8bb980b1d7785e5976ec049b46df5f1326af5a2ea6d103fd07c95385ffab0cacbc86', 'STUDENT', 'MALE', 10);
INSERT INTO public.users (id, email, enabled, first_name, last_name, password, role, sex, parent_id) VALUES (12, 'anneleen-buysse@skynet.be', true, 'Anneleen', 'Buysse', 'b109f3bbbc244eb82441917ed06d618b9008dd09b3befd1b5e07394c706a8bb980b1d7785e5976ec049b46df5f1326af5a2ea6d103fd07c95385ffab0cacbc86', 'PARENT', 'FEMALE', null);
INSERT INTO public.users (id, email, enabled, first_name, last_name, password, role, sex, parent_id) VALUES (13, 'kelseytjuh@hotmail.com', true, 'Kelsey', 'Dubois', 'b109f3bbbc244eb82441917ed06d618b9008dd09b3befd1b5e07394c706a8bb980b1d7785e5976ec049b46df5f1326af5a2ea6d103fd07c95385ffab0cacbc86', 'STUDENT', 'FEMALE', 12);
INSERT INTO public.users (id, email, enabled, first_name, last_name, password, role, sex, parent_id) VALUES (14, 'chiaradb@hotmail.com', true, 'Chiara', 'Dubois', 'b109f3bbbc244eb82441917ed06d618b9008dd09b3befd1b5e07394c706a8bb980b1d7785e5976ec049b46df5f1326af5a2ea6d103fd07c95385ffab0cacbc86', 'STUDENT', 'FEMALE', 12);
INSERT INTO public.users (id, email, enabled, first_name, last_name, password, role, sex, parent_id) VALUES (15, 'peetersd@telenet.be', true, 'Dirk', 'Peeters', 'b109f3bbbc244eb82441917ed06d618b9008dd09b3befd1b5e07394c706a8bb980b1d7785e5976ec049b46df5f1326af5a2ea6d103fd07c95385ffab0cacbc86', 'PARENT', 'MALE', null);
INSERT INTO public.users (id, email, enabled, first_name, last_name, password, role, sex, parent_id) VALUES (16, 'bluearmyfan88@hotmail.com', true, 'Wesley', 'Peeters', 'b109f3bbbc244eb82441917ed06d618b9008dd09b3befd1b5e07394c706a8bb980b1d7785e5976ec049b46df5f1326af5a2ea6d103fd07c95385ffab0cacbc86', 'STUDENT', 'MALE', 15);
INSERT INTO public.users (id, email, enabled, first_name, last_name, password, role, sex, parent_id) VALUES (17, 'peeters_kevin@hotmail.com', true, 'Kevin', 'Peeters', 'b109f3bbbc244eb82441917ed06d618b9008dd09b3befd1b5e07394c706a8bb980b1d7785e5976ec049b46df5f1326af5a2ea6d103fd07c95385ffab0cacbc86', 'STUDENT', 'MALE', 15);
INSERT INTO public.users (id, email, enabled, first_name, last_name, password, role, sex, parent_id) VALUES (18, 'ahmed.mavhali@edpnet.be', true, 'Ahmed', 'Mavhali', 'b109f3bbbc244eb82441917ed06d618b9008dd09b3befd1b5e07394c706a8bb980b1d7785e5976ec049b46df5f1326af5a2ea6d103fd07c95385ffab0cacbc86', 'PARENT', 'MALE', null);
INSERT INTO public.users (id, email, enabled, first_name, last_name, password, role, sex, parent_id) VALUES (19, 'enis.mavhali@gmail.com', true, 'Enis', 'Mavhali', 'b109f3bbbc244eb82441917ed06d618b9008dd09b3befd1b5e07394c706a8bb980b1d7785e5976ec049b46df5f1326af5a2ea6d103fd07c95385ffab0cacbc86', 'STUDENT', 'MALE', 18);
-- Certificaten;
INSERT INTO public.certificates (id, enabled, name) VALUES (1, true, 'Metselaar');
INSERT INTO public.certificates (id, enabled, name) VALUES (2, true, 'Zorgkunde');

-- Deel Certificaten
INSERT INTO public.sub_certificates (id, custom_name, enabled, name, certificate_id) VALUES (1, null, true, '1. De verzorgende/zorgkundige organiseert de eigen werkzaamheden', 2);
INSERT INTO public.sub_certificates (id, custom_name, enabled, name, certificate_id) VALUES (2, null, true, '2. De verzorgende/zorgkundige werkt methodisch ', 2);
INSERT INTO public.sub_certificates (id, custom_name, enabled, name, certificate_id) VALUES (3, null, true, '3. De verzorgende/zorgkundige werkt in team ', 2);
INSERT INTO public.sub_certificates (id, custom_name, enabled, name, certificate_id) VALUES (4, null, true, '4. De verzorgende/zorgkundige werkt met en binnen het sociale netwerk van de zorgvrager ', 2);
INSERT INTO public.sub_certificates (id, custom_name, enabled, name, certificate_id) VALUES (5, null, true, '5. De verzorgende/zorgkundige benadert de zorgvrager empatisch', 2);
INSERT INTO public.sub_certificates (id, custom_name, enabled, name, certificate_id) VALUES (6, null, true, '6. De verzorgende/zorgkundige verplaatst de zorgvrager en begeleidt hem bij de beweging conform het zorgplan ', 2);
INSERT INTO public.sub_certificates (id, custom_name, enabled, name, certificate_id) VALUES (7, null, true, '7. De verzorgende/zorgkundige voert verpleegkundige handelingen uit conform het zorgplan onder supervisie en toezicht van een verpleegkundige', 2);
INSERT INTO public.sub_certificates (id, custom_name, enabled, name, certificate_id) VALUES (8, null, true, '8. De verzorgende/zorgkundige dient EHBO toe', 2);
-- Categorieen
INSERT INTO public.sub_certificate_categories (id, custom_name, enabled, name, sub_certificate_id) VALUES (1, null, true, 'ROOT', 1);
INSERT INTO public.sub_certificate_categories (id, custom_name, enabled, name, sub_certificate_id) VALUES (2, null, true, '1.1. Inzicht hebben in de sector', 1);
INSERT INTO public.sub_certificate_categories (id, custom_name, enabled, name, sub_certificate_id) VALUES (3, null, true, '1.2. Handelen vanuit een zorgvisie', 1);
INSERT INTO public.sub_certificate_categories (id, custom_name, enabled, name, sub_certificate_id) VALUES (4, null, true, '1.3. Aandacht hebben voor de eigen persoonlijkheid ', 1);
INSERT INTO public.sub_certificate_categories (id, custom_name, enabled, name, sub_certificate_id) VALUES (5, null, true, '1.4. Flexibel en doelbewust werken', 1);
INSERT INTO public.sub_certificate_categories (id, custom_name, enabled, name, sub_certificate_id) VALUES (6, null, true, 'ROOT', 2);
INSERT INTO public.sub_certificate_categories (id, custom_name, enabled, name, sub_certificate_id) VALUES (7, null, true, 'ROOT', 3);
INSERT INTO public.sub_certificate_categories (id, custom_name, enabled, name, sub_certificate_id) VALUES (8, null, true, 'ROOT', 4);
INSERT INTO public.sub_certificate_categories (id, custom_name, enabled, name, sub_certificate_id) VALUES (9, null, true, 'ROOT', 5);
INSERT INTO public.sub_certificate_categories (id, custom_name, enabled, name, sub_certificate_id) VALUES (10, null, true, 'ROOT', 6);
INSERT INTO public.sub_certificate_categories (id, custom_name, enabled, name, sub_certificate_id) VALUES (11, null, true, 'ROOT', 7);
INSERT INTO public.sub_certificate_categories (id, custom_name, enabled, name, sub_certificate_id) VALUES (12, null, true, 'ROOT', 8);

-- Competences
INSERT INTO public.competences (id, custom_name, enabled, name, sub_certificate_category_id) VALUES (1, null, true, 'taak en verantwoordelijkheid van de verzorgende/zorgkundige/zorgkundige', 2);
INSERT INTO public.competences (id, custom_name, enabled, name, sub_certificate_category_id) VALUES (2, null, true, 'juridische aspecten met betrekking tot de verzorgende/zorgkundige ', 2);
INSERT INTO public.competences (id, custom_name, enabled, name, sub_certificate_category_id) VALUES (3, null, true, 'de invloed van een zorgvisie op het zorgproces', 3);
INSERT INTO public.competences (id, custom_name, enabled, name, sub_certificate_category_id) VALUES (4, null, true, 'behoeften van de zorgvrager ', 3);
INSERT INTO public.competences (id, custom_name, enabled, name, sub_certificate_category_id) VALUES (5, null, true, 'eigen emoties en gevoelens herkennen en verduidelijken', 4);
INSERT INTO public.competences (id, custom_name, enabled, name, sub_certificate_category_id) VALUES (6, null, true, 'aandacht hebben voor eigen waarden en normen', 4);
INSERT INTO public.competences (id, custom_name, enabled, name, sub_certificate_category_id) VALUES (7, null, true, 'zelfreflectie vermogen', 4);
INSERT INTO public.competences (id, custom_name, enabled, name, sub_certificate_category_id) VALUES (8, null, true, 'zich aan wisselende omstandigheden aanpassen', 5);
INSERT INTO public.competences (id, custom_name, enabled, name, sub_certificate_category_id) VALUES (9, null, true, 'het eigen functioneren bespreken', 5);
INSERT INTO public.competences (id, custom_name, enabled, name, sub_certificate_category_id) VALUES (10, null, true, 'zich aanpassen aan de zorgvrager en zijn omgeving ', 5);
INSERT INTO public.competences (id, custom_name, enabled, name, sub_certificate_category_id) VALUES (11, null, true, 'observaties uitvoeren en rapporteren van veranderingen op fysisch, psychischen sociaal vlak binnen de context van de activiteiten van het dagelijks leven', 6);
INSERT INTO public.competences (id, custom_name, enabled, name, sub_certificate_category_id) VALUES (12, null, true, 'een zorgplan uitvoeren', 6);
INSERT INTO public.competences (id, custom_name, enabled, name, sub_certificate_category_id) VALUES (13, null, true, 'rekening houden met principes van ecologie, economie, hygiëne en veiligheid', 6);
INSERT INTO public.competences (id, custom_name, enabled, name, sub_certificate_category_id) VALUES (14, null, true, 'handelen in overeenstemming met het beroepsgeheim ', 6);

-- Grades
INSERT INTO public.grades (id, enabled, name) VALUES (1, true, 'Graad 1');
INSERT INTO public.grades (id, enabled, name) VALUES (2, true, 'Graad 2');


-- Insert Student Info
INSERT INTO public.student_info (id, bank_account, birth_date, birth_place, city, emergency_number, house_number, national_identification_number, nationality, phone_number, postal_code, street, certificate_id,grade_id, user_id) VALUES (1, 'BE68539007547034', '1996-10-16', 'Hasselt', 'Hasselt', '32477152422', '10', '01234567891', 'belgisch', '32477123456', '3500', 'Hasseltstraat', 1, 1, 6);
INSERT INTO public.student_info (id, bank_account, birth_date, birth_place, city, emergency_number, house_number, national_identification_number, nationality, phone_number, postal_code, street, certificate_id,grade_id, user_id) VALUES (2, 'BE62539012547034', '1996-10-19', 'Hasselt', 'Hasselt', '32477152422', '10', '01234567891', 'belgisch', '32477123465', '3500', 'Hasseltstraat', 2, 2, 7);
INSERT INTO public.student_info (id, bank_account, birth_date, birth_place, city, emergency_number, house_number, national_identification_number, nationality, phone_number, postal_code, street, certificate_id,grade_id, user_id) VALUES (3, 'BE62539012137034', '1996-08-01', 'Hasselt', 'Beringen', '3248851324', '17', '01234567891', 'belgisch', '32477123465', '3580', 'Beringbaan', 1, 1, 9);
INSERT INTO public.student_info (id, bank_account, birth_date, birth_place, city, emergency_number, house_number, national_identification_number, nationality, phone_number, postal_code, street, certificate_id,grade_id, user_id) VALUES (4, 'BE62539012137034', '1996-08-01', 'Herk-de-Stad', 'Herk-de-Stad', '3248851324', '17', '01234567891', 'belgisch', '32477123465', '3580', 'Weg Naar Stevoort', 1, 1, 11);
INSERT INTO public.student_info (id, bank_account, birth_date, birth_place, city, emergency_number, house_number, national_identification_number, nationality, phone_number, postal_code, street, certificate_id,grade_id, user_id) VALUES (5, 'BE62539012137034', '1996-08-01', 'Genk', 'Genk', '3248851324', '22A', '01234567891', 'belgisch', '32477123465', '3580', 'Slagerstraat', 2, 2, 13);
INSERT INTO public.student_info (id, bank_account, birth_date, birth_place, city, emergency_number, house_number, national_identification_number, nationality, phone_number, postal_code, street, certificate_id,grade_id, user_id) VALUES (6, 'BE62539012137034', '1996-08-01', 'Genk', 'Genk', '3248851324', '22A', '01234567891', 'belgisch', '32477123465', '3580', 'Slagerstraat', 2, 2, 14);
INSERT INTO public.student_info (id, bank_account, birth_date, birth_place, city, emergency_number, house_number, national_identification_number, nationality, phone_number, postal_code, street, certificate_id,grade_id, user_id) VALUES (7, 'BE62539012137034', '1996-05-23', 'Heusden', 'Heusden', '3248851324', '112', '01234567891', 'belgisch', '32477123465', '3550', 'Katteveldstraat', 1, 1, 16);
INSERT INTO public.student_info (id, bank_account, birth_date, birth_place, city, emergency_number, house_number, national_identification_number, nationality, phone_number, postal_code, street, certificate_id,grade_id, user_id) VALUES (8, 'BE62539012137034', '1995-04-22', 'Heusden', 'Heusden', '3248851324', '112', '01234567891', 'belgisch', '32477123465', '3550', 'Katteveldstraat', 1, 1, 17);
INSERT INTO public.student_info (id, bank_account, birth_date, birth_place, city, emergency_number, house_number, national_identification_number, nationality, phone_number, postal_code, street, certificate_id,grade_id, user_id) VALUES (9, 'BE62539012137034', '1996-08-01', 'Heusden', 'Lummen', '3248851324', '23', '01234567891', 'belgisch', '32477123465', '3560', 'Achterweg', 1, 1, 19);

-- Class
INSERT INTO public.classes (id, name, type, certificate_id, grade_id, teacher_id) VALUES (1, 'Metselaar 1', 'BGV', 1, null, 2);
INSERT INTO public.classes (id, name, type, certificate_id, grade_id, teacher_id) VALUES (2, 'Zorgkunde 1', 'BGV', 2, null, 4);
INSERT INTO public.classes (id, name, type, certificate_id, grade_id, teacher_id) VALUES (3, 'PAV 1', 'PAV', null, 1, 3);
INSERT INTO public.classes (id, name, type, certificate_id, grade_id, teacher_id) VALUES (4, 'PAV 2', 'PAV', null, 2, 3);

-- User Class
INSERT INTO public.classes_users (class_id, user_id) VALUES (1, 6);
INSERT INTO public.classes_users (class_id, user_id) VALUES (2, 7);
INSERT INTO public.classes_users (class_id, user_id) VALUES (1, 9);
INSERT INTO public.classes_users (class_id, user_id) VALUES (1, 11);
INSERT INTO public.classes_users (class_id, user_id) VALUES (2, 13);
INSERT INTO public.classes_users (class_id, user_id) VALUES (2, 14);
INSERT INTO public.classes_users (class_id, user_id) VALUES (1, 16);
INSERT INTO public.classes_users (class_id, user_id) VALUES (1, 17);
INSERT INTO public.classes_users (class_id, user_id) VALUES (1, 19);
INSERT INTO public.classes_users (class_id, user_id) VALUES (3, 6);
INSERT INTO public.classes_users (class_id, user_id) VALUES (3, 7);
INSERT INTO public.classes_users (class_id, user_id) VALUES (3, 9);
INSERT INTO public.classes_users (class_id, user_id) VALUES (3, 11);
INSERT INTO public.classes_users (class_id, user_id) VALUES (3, 13);
INSERT INTO public.classes_users (class_id, user_id) VALUES (4, 14);
INSERT INTO public.classes_users (class_id, user_id) VALUES (4, 16);
INSERT INTO public.classes_users (class_id, user_id) VALUES (4, 17);
INSERT INTO public.classes_users (class_id, user_id) VALUES (4, 19);

-- BGV scores
INSERT INTO public.bgv_scores (id, week, remarks, score, competence_id, student_id) VALUES (1, '1', 'Goed gedaan', 'V', 1, 5);
INSERT INTO public.bgv_scores (id, week, remarks, score, competence_id, student_id) VALUES (2, '1', 'Goed gedaan', 'V', 2, 5);
INSERT INTO public.bgv_scores (id, week, remarks, score, competence_id, student_id) VALUES (3, '2', 'Dat kan beter', 'I', 3, 5);

-- Objectives
INSERT INTO public.objectives (id, custom_name, enabled, name, course_topic_id, grade_id) VALUES (1, null, true, 'Doelstelling 1', null, 1);
INSERT INTO public.objectives (id, custom_name, enabled, name, course_topic_id, grade_id) VALUES (2, null, true, 'Doelstelling 2', null, 1);
INSERT INTO public.objectives (id, custom_name, enabled, name, course_topic_id, grade_id) VALUES (3, null, true, 'Doelstelling 3', null, 1);
INSERT INTO public.objectives (id, custom_name, enabled, name, course_topic_id, grade_id) VALUES (4, null, true, 'Doelstelling A', null, 2);
INSERT INTO public.objectives (id, custom_name, enabled, name, course_topic_id, grade_id) VALUES (5, null, true, 'Doelstelling B', null, 2);
INSERT INTO public.objectives (id, custom_name, enabled, name, course_topic_id, grade_id) VALUES (6, null, true, 'Doelstelling C', null, 2);

-- Scores
INSERT INTO public.pav_scores (id, week, remarks, score, objective_id, student_id) VALUES (1, '1', 'Helemaal Oke', 'V', 1, 1);
INSERT INTO public.pav_scores (id, week, remarks, score, objective_id, student_id) VALUES (2, '1', 'Goed gemaakt', 'V', 4, 2);